-- ═══════════════════════════════════════════════════════════════
-- SAMPLE DATA FOR ORDER PROCESSING DEMO
-- ═══════════════════════════════════════════════════════════════

-- Insert Customers
INSERT INTO customers (customer_id, name, email, tier) VALUES
('CUST-001', 'John Smith', 'john.smith@email.com', 'GOLD'),
('CUST-002', 'Jane Doe', 'jane.doe@email.com', 'PREMIUM'),
('CUST-003', 'Bob Johnson', 'bob.johnson@email.com', 'STANDARD'),
('CUST-004', 'Alice Williams', 'alice.williams@email.com', 'PREMIUM'),
('CUST-005', 'Charlie Brown', 'charlie.brown@email.com', 'STANDARD'),
('CUST-006', 'Diana Ross', 'diana.ross@email.com', 'GOLD'),
('CUST-007', 'Edward Norton', 'edward.norton@email.com', 'STANDARD'),
('CUST-008', 'Fiona Apple', 'fiona.apple@email.com', 'PREMIUM'),
('CUST-009', 'George Lucas', 'george.lucas@email.com', 'GOLD'),
('CUST-010', 'Helen Troy', 'helen.troy@email.com', 'STANDARD');

-- Insert Inventory
INSERT INTO inventory (sku, product_name, quantity_available, warehouse_location) VALUES
('SKU-001', 'Laptop Pro', 50, 'WAREHOUSE-EAST'),
('SKU-002', 'Wireless Mouse', 200, 'WAREHOUSE-WEST'),
('SKU-003', 'USB-C Cable', 500, 'WAREHOUSE-EAST'),
('SKU-004', 'Monitor 27"', 30, 'WAREHOUSE-CENTRAL'),
('SKU-005', 'Keyboard Mechanical', 100, 'WAREHOUSE-WEST'),
('SKU-006', 'Webcam HD', 75, 'WAREHOUSE-EAST'),
('SKU-007', 'Headphones Wireless', 150, 'WAREHOUSE-CENTRAL'),
('SKU-008', 'Tablet Stand', 80, 'WAREHOUSE-WEST'),
('SKU-009', 'Power Bank', 0, 'WAREHOUSE-EAST'),  -- Out of stock
('SKU-010', 'HDMI Cable', 5, 'WAREHOUSE-CENTRAL'); -- Low stock

-- Insert Orders (100 orders for testing)
INSERT INTO orders (order_id, customer_id, status, amount, created_at) VALUES
('ORD-001', 'CUST-001', 'PENDING', 1299.99, CURRENT_TIMESTAMP),
('ORD-002', 'CUST-002', 'PENDING', 49.99, CURRENT_TIMESTAMP),
('ORD-003', 'CUST-003', 'PENDING', 19.99, CURRENT_TIMESTAMP),
('ORD-004', 'CUST-004', 'PENDING', 499.99, CURRENT_TIMESTAMP),
('ORD-005', 'CUST-005', 'PENDING', 129.99, CURRENT_TIMESTAMP),
('ORD-006', 'CUST-006', 'PENDING', 89.99, CURRENT_TIMESTAMP),
('ORD-007', 'CUST-007', 'PENDING', 199.99, CURRENT_TIMESTAMP),
('ORD-008', 'CUST-008', 'PENDING', 39.99, CURRENT_TIMESTAMP),
('ORD-009', 'CUST-009', 'PENDING', 59.99, CURRENT_TIMESTAMP),
('ORD-010', 'CUST-010', 'PENDING', 29.99, CURRENT_TIMESTAMP),
('ORD-011', 'CUST-001', 'PENDING', 149.99, CURRENT_TIMESTAMP),
('ORD-012', 'CUST-002', 'PENDING', 79.99, CURRENT_TIMESTAMP),
('ORD-013', 'CUST-003', 'PENDING', 299.99, CURRENT_TIMESTAMP),
('ORD-014', 'CUST-004', 'PENDING', 449.99, CURRENT_TIMESTAMP),
('ORD-015', 'CUST-005', 'PENDING', 599.99, CURRENT_TIMESTAMP),
('ORD-016', 'CUST-006', 'PENDING', 24.99, CURRENT_TIMESTAMP),
('ORD-017', 'CUST-007', 'PENDING', 349.99, CURRENT_TIMESTAMP),
('ORD-018', 'CUST-008', 'PENDING', 179.99, CURRENT_TIMESTAMP),
('ORD-019', 'CUST-009', 'PENDING', 229.99, CURRENT_TIMESTAMP),
('ORD-020', 'CUST-010', 'PENDING', 99.99, CURRENT_TIMESTAMP),
('ORD-021', 'CUST-001', 'PENDING', 159.99, CURRENT_TIMESTAMP),
('ORD-022', 'CUST-002', 'PENDING', 189.99, CURRENT_TIMESTAMP),
('ORD-023', 'CUST-003', 'PENDING', 219.99, CURRENT_TIMESTAMP),
('ORD-024', 'CUST-004', 'PENDING', 269.99, CURRENT_TIMESTAMP),
('ORD-025', 'CUST-005', 'PENDING', 319.99, CURRENT_TIMESTAMP),
('ORD-026', 'CUST-006', 'PENDING', 369.99, CURRENT_TIMESTAMP),
('ORD-027', 'CUST-007', 'PENDING', 419.99, CURRENT_TIMESTAMP),
('ORD-028', 'CUST-008', 'PENDING', 469.99, CURRENT_TIMESTAMP),
('ORD-029', 'CUST-009', 'PENDING', 519.99, CURRENT_TIMESTAMP),
('ORD-030', 'CUST-010', 'PENDING', 569.99, CURRENT_TIMESTAMP),
('ORD-031', 'CUST-001', 'PENDING', 619.99, CURRENT_TIMESTAMP),
('ORD-032', 'CUST-002', 'PENDING', 669.99, CURRENT_TIMESTAMP),
('ORD-033', 'CUST-003', 'PENDING', 719.99, CURRENT_TIMESTAMP),
('ORD-034', 'CUST-004', 'PENDING', 769.99, CURRENT_TIMESTAMP),
('ORD-035', 'CUST-005', 'PENDING', 819.99, CURRENT_TIMESTAMP),
('ORD-036', 'CUST-006', 'PENDING', 869.99, CURRENT_TIMESTAMP),
('ORD-037', 'CUST-007', 'PENDING', 919.99, CURRENT_TIMESTAMP),
('ORD-038', 'CUST-008', 'PENDING', 969.99, CURRENT_TIMESTAMP),
('ORD-039', 'CUST-009', 'PENDING', 1019.99, CURRENT_TIMESTAMP),
('ORD-040', 'CUST-010', 'PENDING', 1069.99, CURRENT_TIMESTAMP),
('ORD-041', 'CUST-001', 'PENDING', 1119.99, CURRENT_TIMESTAMP),
('ORD-042', 'CUST-002', 'PENDING', 1169.99, CURRENT_TIMESTAMP),
('ORD-043', 'CUST-003', 'PENDING', 1219.99, CURRENT_TIMESTAMP),
('ORD-044', 'CUST-004', 'PENDING', 1269.99, CURRENT_TIMESTAMP),
('ORD-045', 'CUST-005', 'PENDING', 1319.99, CURRENT_TIMESTAMP),
('ORD-046', 'CUST-006', 'PENDING', 1369.99, CURRENT_TIMESTAMP),
('ORD-047', 'CUST-007', 'PENDING', 1419.99, CURRENT_TIMESTAMP),
('ORD-048', 'CUST-008', 'PENDING', 1469.99, CURRENT_TIMESTAMP),
('ORD-049', 'CUST-009', 'PENDING', 1519.99, CURRENT_TIMESTAMP),
('ORD-050', 'CUST-010', 'PENDING', 1569.99, CURRENT_TIMESTAMP),
('ORD-051', 'CUST-001', 'PENDING', 109.99, CURRENT_TIMESTAMP),
('ORD-052', 'CUST-002', 'PENDING', 119.99, CURRENT_TIMESTAMP),
('ORD-053', 'CUST-003', 'PENDING', 129.99, CURRENT_TIMESTAMP),
('ORD-054', 'CUST-004', 'PENDING', 139.99, CURRENT_TIMESTAMP),
('ORD-055', 'CUST-005', 'PENDING', 149.99, CURRENT_TIMESTAMP),
('ORD-056', 'CUST-006', 'PENDING', 159.99, CURRENT_TIMESTAMP),
('ORD-057', 'CUST-007', 'PENDING', 169.99, CURRENT_TIMESTAMP),
('ORD-058', 'CUST-008', 'PENDING', 179.99, CURRENT_TIMESTAMP),
('ORD-059', 'CUST-009', 'PENDING', 189.99, CURRENT_TIMESTAMP),
('ORD-060', 'CUST-010', 'PENDING', 199.99, CURRENT_TIMESTAMP),
('ORD-061', 'CUST-001', 'PENDING', 209.99, CURRENT_TIMESTAMP),
('ORD-062', 'CUST-002', 'PENDING', 219.99, CURRENT_TIMESTAMP),
('ORD-063', 'CUST-003', 'PENDING', 229.99, CURRENT_TIMESTAMP),
('ORD-064', 'CUST-004', 'PENDING', 239.99, CURRENT_TIMESTAMP),
('ORD-065', 'CUST-005', 'PENDING', 249.99, CURRENT_TIMESTAMP),
('ORD-066', 'CUST-006', 'PENDING', 259.99, CURRENT_TIMESTAMP),
('ORD-067', 'CUST-007', 'PENDING', 269.99, CURRENT_TIMESTAMP),
('ORD-068', 'CUST-008', 'PENDING', 279.99, CURRENT_TIMESTAMP),
('ORD-069', 'CUST-009', 'PENDING', 289.99, CURRENT_TIMESTAMP),
('ORD-070', 'CUST-010', 'PENDING', 299.99, CURRENT_TIMESTAMP),
('ORD-071', 'CUST-001', 'PENDING', 309.99, CURRENT_TIMESTAMP),
('ORD-072', 'CUST-002', 'PENDING', 319.99, CURRENT_TIMESTAMP),
('ORD-073', 'CUST-003', 'PENDING', 329.99, CURRENT_TIMESTAMP),
('ORD-074', 'CUST-004', 'PENDING', 339.99, CURRENT_TIMESTAMP),
('ORD-075', 'CUST-005', 'PENDING', 349.99, CURRENT_TIMESTAMP),
('ORD-076', 'CUST-006', 'PENDING', 359.99, CURRENT_TIMESTAMP),
('ORD-077', 'CUST-007', 'PENDING', 369.99, CURRENT_TIMESTAMP),
('ORD-078', 'CUST-008', 'PENDING', 379.99, CURRENT_TIMESTAMP),
('ORD-079', 'CUST-009', 'PENDING', 389.99, CURRENT_TIMESTAMP),
('ORD-080', 'CUST-010', 'PENDING', 399.99, CURRENT_TIMESTAMP),
('ORD-081', 'CUST-001', 'PENDING', 409.99, CURRENT_TIMESTAMP),
('ORD-082', 'CUST-002', 'PENDING', 419.99, CURRENT_TIMESTAMP),
('ORD-083', 'CUST-003', 'PENDING', 429.99, CURRENT_TIMESTAMP),
('ORD-084', 'CUST-004', 'PENDING', 439.99, CURRENT_TIMESTAMP),
('ORD-085', 'CUST-005', 'PENDING', 449.99, CURRENT_TIMESTAMP),
('ORD-086', 'CUST-006', 'PENDING', 459.99, CURRENT_TIMESTAMP),
('ORD-087', 'CUST-007', 'PENDING', 469.99, CURRENT_TIMESTAMP),
('ORD-088', 'CUST-008', 'PENDING', 479.99, CURRENT_TIMESTAMP),
('ORD-089', 'CUST-009', 'PENDING', 489.99, CURRENT_TIMESTAMP),
('ORD-090', 'CUST-010', 'PENDING', 499.99, CURRENT_TIMESTAMP),
('ORD-091', 'CUST-001', 'PENDING', 509.99, CURRENT_TIMESTAMP),
('ORD-092', 'CUST-002', 'PENDING', 519.99, CURRENT_TIMESTAMP),
('ORD-093', 'CUST-003', 'PENDING', 529.99, CURRENT_TIMESTAMP),
('ORD-094', 'CUST-004', 'PENDING', 539.99, CURRENT_TIMESTAMP),
('ORD-095', 'CUST-005', 'PENDING', 549.99, CURRENT_TIMESTAMP),
('ORD-096', 'CUST-006', 'PENDING', 559.99, CURRENT_TIMESTAMP),
('ORD-097', 'CUST-007', 'PENDING', 569.99, CURRENT_TIMESTAMP),
('ORD-098', 'CUST-008', 'PENDING', 579.99, CURRENT_TIMESTAMP),
('ORD-099', 'CUST-009', 'PENDING', 589.99, CURRENT_TIMESTAMP),
('ORD-100', 'CUST-010', 'PENDING', 599.99, CURRENT_TIMESTAMP);

-- Insert Order Items (link orders to inventory SKUs)
INSERT INTO order_items (order_id, sku, quantity) VALUES
('ORD-001', 'SKU-001', 1),
('ORD-002', 'SKU-002', 2),
('ORD-003', 'SKU-003', 3),
('ORD-004', 'SKU-004', 1),
('ORD-005', 'SKU-005', 1),
('ORD-006', 'SKU-006', 1),
('ORD-007', 'SKU-007', 1),
('ORD-008', 'SKU-008', 1),
('ORD-009', 'SKU-009', 1),  -- Out of stock item
('ORD-010', 'SKU-010', 1),  -- Low stock item
('ORD-011', 'SKU-001', 1),
('ORD-012', 'SKU-002', 1),
('ORD-013', 'SKU-003', 1),
('ORD-014', 'SKU-004', 1),
('ORD-015', 'SKU-005', 1),
('ORD-016', 'SKU-006', 1),
('ORD-017', 'SKU-007', 1),
('ORD-018', 'SKU-008', 1),
('ORD-019', 'SKU-001', 1),
('ORD-020', 'SKU-002', 1),
('ORD-021', 'SKU-003', 1),
('ORD-022', 'SKU-004', 1),
('ORD-023', 'SKU-005', 1),
('ORD-024', 'SKU-006', 1),
('ORD-025', 'SKU-007', 1),
('ORD-026', 'SKU-008', 1),
('ORD-027', 'SKU-001', 1),
('ORD-028', 'SKU-002', 1),
('ORD-029', 'SKU-003', 1),
('ORD-030', 'SKU-004', 1),
('ORD-031', 'SKU-005', 1),
('ORD-032', 'SKU-006', 1),
('ORD-033', 'SKU-007', 1),
('ORD-034', 'SKU-008', 1),
('ORD-035', 'SKU-001', 1),
('ORD-036', 'SKU-002', 1),
('ORD-037', 'SKU-003', 1),
('ORD-038', 'SKU-004', 1),
('ORD-039', 'SKU-005', 1),
('ORD-040', 'SKU-006', 1),
('ORD-041', 'SKU-007', 1),
('ORD-042', 'SKU-008', 1),
('ORD-043', 'SKU-001', 1),
('ORD-044', 'SKU-002', 1),
('ORD-045', 'SKU-003', 1),
('ORD-046', 'SKU-004', 1),
('ORD-047', 'SKU-005', 1),
('ORD-048', 'SKU-006', 1),
('ORD-049', 'SKU-007', 1),
('ORD-050', 'SKU-008', 1),
('ORD-051', 'SKU-001', 1),
('ORD-052', 'SKU-002', 1),
('ORD-053', 'SKU-003', 1),
('ORD-054', 'SKU-004', 1),
('ORD-055', 'SKU-005', 1),
('ORD-056', 'SKU-006', 1),
('ORD-057', 'SKU-007', 1),
('ORD-058', 'SKU-008', 1),
('ORD-059', 'SKU-001', 1),
('ORD-060', 'SKU-002', 1),
('ORD-061', 'SKU-003', 1),
('ORD-062', 'SKU-004', 1),
('ORD-063', 'SKU-005', 1),
('ORD-064', 'SKU-006', 1),
('ORD-065', 'SKU-007', 1),
('ORD-066', 'SKU-008', 1),
('ORD-067', 'SKU-001', 1),
('ORD-068', 'SKU-002', 1),
('ORD-069', 'SKU-003', 1),
('ORD-070', 'SKU-004', 1),
('ORD-071', 'SKU-005', 1),
('ORD-072', 'SKU-006', 1),
('ORD-073', 'SKU-007', 1),
('ORD-074', 'SKU-008', 1),
('ORD-075', 'SKU-001', 1),
('ORD-076', 'SKU-002', 1),
('ORD-077', 'SKU-003', 1),
('ORD-078', 'SKU-004', 1),
('ORD-079', 'SKU-005', 1),
('ORD-080', 'SKU-006', 1),
('ORD-081', 'SKU-007', 1),
('ORD-082', 'SKU-008', 1),
('ORD-083', 'SKU-001', 1),
('ORD-084', 'SKU-002', 1),
('ORD-085', 'SKU-003', 1),
('ORD-086', 'SKU-004', 1),
('ORD-087', 'SKU-005', 1),
('ORD-088', 'SKU-006', 1),
('ORD-089', 'SKU-007', 1),
('ORD-090', 'SKU-008', 1),
('ORD-091', 'SKU-001', 1),
('ORD-092', 'SKU-002', 1),
('ORD-093', 'SKU-003', 1),
('ORD-094', 'SKU-004', 1),
('ORD-095', 'SKU-005', 1),
('ORD-096', 'SKU-006', 1),
('ORD-097', 'SKU-007', 1),
('ORD-098', 'SKU-008', 1),
('ORD-099', 'SKU-001', 1),
('ORD-100', 'SKU-002', 1);

-- Insert Order Pricing
INSERT INTO order_pricing (order_id, base_price, discount, tax_rate) VALUES
('ORD-001', 1299.99, 0.10, 0.08),
('ORD-002', 49.99, 0.05, 0.08),
('ORD-003', 19.99, 0.00, 0.08),
('ORD-004', 499.99, 0.15, 0.08),
('ORD-005', 129.99, 0.10, 0.08),
('ORD-006', 89.99, 0.05, 0.08),
('ORD-007', 199.99, 0.10, 0.08),
('ORD-008', 39.99, 0.00, 0.08),
('ORD-009', 59.99, 0.05, 0.08),
('ORD-010', 29.99, 0.00, 0.08),
('ORD-011', 149.99, 0.10, 0.08),
('ORD-012', 79.99, 0.05, 0.08),
('ORD-013', 299.99, 0.15, 0.08),
('ORD-014', 449.99, 0.10, 0.08),
('ORD-015', 599.99, 0.20, 0.08),
('ORD-016', 24.99, 0.00, 0.08),
('ORD-017', 349.99, 0.10, 0.08),
('ORD-018', 179.99, 0.05, 0.08),
('ORD-019', 229.99, 0.10, 0.08),
('ORD-020', 99.99, 0.05, 0.08),
('ORD-021', 159.99, 0.10, 0.08),
('ORD-022', 189.99, 0.05, 0.08),
('ORD-023', 219.99, 0.10, 0.08),
('ORD-024', 269.99, 0.15, 0.08),
('ORD-025', 319.99, 0.10, 0.08),
('ORD-026', 369.99, 0.05, 0.08),
('ORD-027', 419.99, 0.10, 0.08),
('ORD-028', 469.99, 0.15, 0.08),
('ORD-029', 519.99, 0.10, 0.08),
('ORD-030', 569.99, 0.05, 0.08),
('ORD-031', 619.99, 0.10, 0.08),
('ORD-032', 669.99, 0.15, 0.08),
('ORD-033', 719.99, 0.10, 0.08),
('ORD-034', 769.99, 0.05, 0.08),
('ORD-035', 819.99, 0.10, 0.08),
('ORD-036', 869.99, 0.15, 0.08),
('ORD-037', 919.99, 0.10, 0.08),
('ORD-038', 969.99, 0.05, 0.08),
('ORD-039', 1019.99, 0.10, 0.08),
('ORD-040', 1069.99, 0.15, 0.08),
('ORD-041', 1119.99, 0.10, 0.08),
('ORD-042', 1169.99, 0.05, 0.08),
('ORD-043', 1219.99, 0.10, 0.08),
('ORD-044', 1269.99, 0.15, 0.08),
('ORD-045', 1319.99, 0.10, 0.08),
('ORD-046', 1369.99, 0.05, 0.08),
('ORD-047', 1419.99, 0.10, 0.08),
('ORD-048', 1469.99, 0.15, 0.08),
('ORD-049', 1519.99, 0.10, 0.08),
('ORD-050', 1569.99, 0.05, 0.08),
('ORD-051', 109.99, 0.10, 0.08),
('ORD-052', 119.99, 0.05, 0.08),
('ORD-053', 129.99, 0.10, 0.08),
('ORD-054', 139.99, 0.15, 0.08),
('ORD-055', 149.99, 0.10, 0.08),
('ORD-056', 159.99, 0.05, 0.08),
('ORD-057', 169.99, 0.10, 0.08),
('ORD-058', 179.99, 0.15, 0.08),
('ORD-059', 189.99, 0.10, 0.08),
('ORD-060', 199.99, 0.05, 0.08),
('ORD-061', 209.99, 0.10, 0.08),
('ORD-062', 219.99, 0.15, 0.08),
('ORD-063', 229.99, 0.10, 0.08),
('ORD-064', 239.99, 0.05, 0.08),
('ORD-065', 249.99, 0.10, 0.08),
('ORD-066', 259.99, 0.15, 0.08),
('ORD-067', 269.99, 0.10, 0.08),
('ORD-068', 279.99, 0.05, 0.08),
('ORD-069', 289.99, 0.10, 0.08),
('ORD-070', 299.99, 0.15, 0.08),
('ORD-071', 309.99, 0.10, 0.08),
('ORD-072', 319.99, 0.05, 0.08),
('ORD-073', 329.99, 0.10, 0.08),
('ORD-074', 339.99, 0.15, 0.08),
('ORD-075', 349.99, 0.10, 0.08),
('ORD-076', 359.99, 0.05, 0.08),
('ORD-077', 369.99, 0.10, 0.08),
('ORD-078', 379.99, 0.15, 0.08),
('ORD-079', 389.99, 0.10, 0.08),
('ORD-080', 399.99, 0.05, 0.08),
('ORD-081', 409.99, 0.10, 0.08),
('ORD-082', 419.99, 0.15, 0.08),
('ORD-083', 429.99, 0.10, 0.08),
('ORD-084', 439.99, 0.05, 0.08),
('ORD-085', 449.99, 0.10, 0.08),
('ORD-086', 459.99, 0.15, 0.08),
('ORD-087', 469.99, 0.10, 0.08),
('ORD-088', 479.99, 0.05, 0.08),
('ORD-089', 489.99, 0.10, 0.08),
('ORD-090', 499.99, 0.15, 0.08),
('ORD-091', 509.99, 0.10, 0.08),
('ORD-092', 519.99, 0.05, 0.08),
('ORD-093', 529.99, 0.10, 0.08),
('ORD-094', 539.99, 0.15, 0.08),
('ORD-095', 549.99, 0.10, 0.08),
('ORD-096', 559.99, 0.05, 0.08),
('ORD-097', 569.99, 0.10, 0.08),
('ORD-098', 579.99, 0.15, 0.08),
('ORD-099', 589.99, 0.10, 0.08),
('ORD-100', 599.99, 0.05, 0.08);
